Actual Sales,Predicted Sales
0.0,0.0
733.255,638.84
2.0,19.32
0.0,0.0
290.0,280.40436000000005
0.0,0.92
0.0,0.46
37.0,68.12
0.0,11.36
0.0,0.0
5.0,1.06
184.0,159.4
797.0,609.32
0.0,0.0
968.0,1249.98
277.0,265.18822000000006
275.0,203.87128
419.065,479.55000000000024
265.921,569.0966399999999
150.729,123.37847980000002
